"id","id_article"
"1","15"
"2","15"
"3","15"
"4","15"
"5","23"
"6","19"
"7","19"
"8","15"
"9","19"
"10","23"
"11","19"
"12","15"
"13","23"
"14","19"
"15","23"
"16","23"
"17","25"
"18","22"
"19","22"
"20","22"
"21","15"
"22","22"
"23","15"
"24","23"
"25","23"
"26","27"
"27","22"
"28","22"
"29","27"
"30","27"
"31","28"
"32","28"
"33","28"
"34","28"
"35","26"
"36","26"
"37","26"
"38","22"
"39","25"
"40","27"
"41","29"
"42","26"
"43","29"
"44","22"
"45","26"
"46","30"
"47","30"
"48","30"
"49","30"
"50","32"
"51","30"
"52","32"
"53","32"
"54","32"
"55","30"
"56","30"
"57","30"
"58","26"
"59","30"
"60","30"
"61","33"
"62","33"
"63","24"
"64","24"
"65","24"
"66","24"
"67","33"
"68","24"
"69","34"
"70","35"
"71","34"
"72","35"
"73","24"
"74","35"
"75","30"
"76","33"
"77","30"
"78","24"
"79","38"
"80","38"
"81","39"
"82","38"
"83","38"
"84","39"
"85","22"
"86","39"
"87","38"
"88","38"
"89","24"
"90","38"
"91","39"
"92","38"
"93","15"
"94","22"
"95","38"
"96","40"
"97","40"
"98","40"
"99","41"
"100","40"
"101","40"
"102","41"
"103","41"
"104","40"
"105","40"
"106","39"
"107","41"
"108","41"
"109","39"
"110","41"
"111","41"
"112","41"
"113","41"
"114","41"
"115","39"
"116","42"
"117","43"
"118","42"
"119","42"
"120","42"
"121","43"
"122","43"
"123","42"
"124","40"
"125","44"
"126","44"
"127","44"
"128","43"
"129","44"
"130","46"
"131","46"
"132","44"
"133","24"
"134","44"
"135","46"
"136","15"
"137","45"
"138","41"
"139","46"
"140","45"
"141","46"
"142","40"
"143","45"
"144","7"
"145","45"
"146","42"
"147","46"
"148","44"
"149","15"
"150","44"
"151","50"
"152","51"
"153","52"
"154","51"
"155","49"
"156","49"
"157","51"
"158","52"
"159","52"
"160","48"
"161","49"
"162","51"
"163","52"
"164","48"
"165","49"
"166","49"
"167","49"
"168","53"
"169","53"
"170","48"
"171","51"
"172","50"
"173","53"
"174","52"
"175","51"
"176","48"
"177","53"
"178","53"
"179","49"
"180","20"
"181","20"
"182","20"
"183","20"
"184","20"
"185","47"
"186","47"
"187","49"
"188","20"
"189","55"
"190","47"
"191","47"
"192","47"
"193","55"
"194","20"
"195","55"
"196","54"
"197","20"
"198","47"
"199","47"
"200","58"
"201","54"
"202","58"
"203","47"
"204","60"
"205","60"
"206","60"
"207","57"
"208","60"
"209","59"
"210","59"
"211","59"
"212","62"
"213","62"
"214","62"
"215","62"
"216","62"
"217","62"
"218","62"
"219","61"
"220","56"
"221","56"
"222","20"
"223","20"
"224","64"
"225","64"
"226","21"
"227","21"
"228","21"
"229","64"
"230","21"
"231","20"
"232","64"
"233","64"
"234","64"
"235","64"
"236","55"
"237","55"
"238","47"
"239","64"
"240","20"
"241","47"
"242","67"
"243","67"
"246","67"
"247","67"
"248","67"
"249","67"
"250","67"
"251","67"
"252","67"
"253","21"
"254","66"
"255","64"
"256","65"
"257","67"
"258","67"
"259","65"
"260","67"
"261","66"
"262","66"
"263","66"
"264","66"
"265","67"
"266","67"
"267","67"
"268","67"
"269","67"
"270","76"
"271","9"
"272","67"
"273","76"
"275","67"
"276","76"
"277","67"
"278","76"
"279","9"
"280","39"
"281","67"
"282","67"
"283","76"
"284","78"
"285","64"
"286","72"
"287","72"
"288","72"
"289","72"
"290","78"
"291","72"
"292","77"
"293","67"
"294","47"
"295","77"
"296","67"
"297","67"
"298","75"
"299","77"
"300","39"
"301","71"
"302","71"
"303","71"
"304","73"
"305","71"
"306","71"
"307","71"
"308","80"
"309","80"
"310","80"
"311","80"
"312","71"
"313","79"
"314","80"
"315","79"
"316","79"
"317","80"
"318","73"
"319","32"
"320","80"
"321","79"
"322","73"
"323","79"
"324","32"
"325","79"
"326","67"
"327","67"
"328","67"
"329","74"
"330","74"
"331","74"
"332","67"
"333","74"
"334","84"
"335","84"
"336","81"
"337","67"
"338","84"
"339","84"
"340","84"
"341","67"
"342","74"
"343","9"
"344","84"
"345","81"
"346","67"
"347","84"
"348","67"
"349","81"
"350","81"
"351","67"
"352","67"
"353","85"
"354","87"
"355","87"
"356","87"
"357","85"
"358","87"
"359","87"
"360","87"
"362","67"
"363","87"
"364","20"
"365","20"
"366","89"
"367","89"
"368","89"
"369","89"
"370","20"
"371","90"
"372","90"
"373","90"
"374","67"
"375","67"
"376","20"
"377","89"
"378","90"
"379","90"
"380","89"
"381","89"
"382","90"
"383","89"
"384","67"
"385","67"
"386","90"
"387","89"
"388","90"
"389","20"
"390","90"
"391","92"
"392","92"
"393","92"
"394","92"
"395","90"
"396","90"
"397","92"
"398","98"
"399","97"
"400","98"
"401","67"
"402","67"
"403","97"
"404","96"
"405","93"
"406","98"
"407","93"
"408","98"
"409","96"
"410","93"
"411","93"
"412","96"
"413","93"
"414","97"
"415","90"
"416","96"
"417","96"
"418","96"
"419","93"
"420","90"
"421","98"
"422","96"
"423","96"
"424","96"
"425","96"
"426","98"
"427","96"
"428","96"
"429","96"
"430","96"
"431","98"
"432","96"
"433","91"
"434","96"
"435","96"
"436","96"
"437","96"
"438","99"
"439","96"
"440","99"
"441","96"
"442","91"
"443","96"
"444","96"
"445","99"
"446","91"
"447","99"
"448","99"
"449","99"
"450","99"
"451","93"
"452","91"
"453","101"
"454","101"
"455","94"
"456","94"
"457","94"
"458","102"
"459","102"
"460","102"
"461","102"
"462","102"
"463","102"
"464","102"
"465","96"
"466","102"
"467","102"
"468","102"
"469","105"
"470","105"
"471","105"
"472","104"
"473","96"
"474","104"
"475","105"
"476","105"
"477","93"
"478","103"
"479","107"
"480","107"
"481","102"
"482","108"
"483","107"
"484","102"
"485","108"
"486","103"
"487","93"
"488","102"
"489","109"
"490","109"
"491","109"
"492","102"
"493","106"
"494","109"
"495","102"
"496","93"
"497","44"
"498","102"
"499","102"
"500","109"
"501","102"
"502","83"
"503","114"
"504","83"
"505","114"
"506","114"
"507","102"
"508","83"
"509","83"
"510","83"
"511","109"
"512","102"
"513","109"
"514","125"
"515","125"
"516","125"
"517","112"
"518","115"
"519","115"
"520","125"
"521","125"
"522","125"
"523","125"
"524","115"
"525","116"
"526","116"
"527","116"
"528","122"
"529","122"
"530","127"
"531","127"
"532","127"
"533","127"
"534","128"
"535","128"
"536","127"
"537","128"
"538","128"
"539","130"
"540","130"
"541","130"
"542","127"
"543","130"
"544","130"
"545","127"
"546","130"
"547","130"
"548","130"
"549","130"
"550","129"
"551","82"
"552","130"
"553","82"
"554","129"
"555","135"
"556","82"
"557","130"
"558","130"
"559","130"
"560","130"
"561","135"
"562","135"
"563","85"
"564","82"
"565","82"
"566","64"
"567","83"
"568","130"
"569","82"
"570","136"
"571","136"
"572","124"
"573","132"
"574","124"
"575","132"
"576","124"
"577","133"
"578","124"
"579","133"
"580","133"
"581","133"
"582","133"
"583","140"
"584","140"
"585","133"
"586","133"
"587","82"
"588","133"
"589","138"
"590","82"
"591","138"
"592","138"
"593","141"
"594","82"
"595","141"
"596","142"
"598","142"
"599","144"
"600","144"
"601","143"
"602","144"
"603","127"
"605","144"
"606","144"
"607","144"
"608","143"
"609","144"
"610","147"
"611","146"
"612","35"
"613","146"
"614","146"
"615","147"
"616","146"
"617","150"
"619","126"
"620","150"
"622","126"
"623","126"
"624","126"
"625","146"
"626","150"
"627","126"
"628","126"
"629","126"
"630","126"
"631","150"
"632","126"
"633","126"
"634","126"
"635","126"
"637","126"
"638","126"
"641","126"
"642","126"
"646","154"
"647","154"
"648","154"
"649","126"
"650","154"
"651","64"
"652","154"
"653","82"
"654","154"
"655","126"
"656","126"
"657","126"
"658","145"
"659","145"
"660","126"
"661","154"
"662","154"
"663","128"
"664","145"
"665","145"
"666","126"
"667","149"
"668","156"
"669","149"
"670","126"
"671","155"
"672","156"
"673","154"
"674","145"
"675","157"
"676","126"
"677","157"
"678","126"
"679","153"
"680","153"
"681","153"
"682","153"
"684","30"
"685","153"
"686","30"
"687","126"
"688","126"
"689","158"
"690","158"
"691","166"
"692","160"
"693","166"
"694","166"
"695","151"
"696","167"
"697","166"
"698","145"
"699","166"
"700","166"
"701","151"
"702","169"
"703","169"
"704","171"
"705","171"
"706","171"
"707","171"
"708","93"
"709","151"
"710","170"
"713","93"
"714","15"
"712","145"
"715","177"
"716","177"
"717","177"
"718","177"
"719","177"
"720","177"
"721","153"
"722","177"
"723","145"
"724","174"
"725","177"
"726","170"
"727","174"
"728","177"
"729","174"
"730","145"
"731","145"
"732","175"
"733","153"
"734","177"
"735","177"
"736","153"
"737","79"
"738","177"
"739","177"
"740","177"
"741","177"
"742","153"
"743","182"
"744","113"
"745","113"
"746","177"
"747","177"
"748","113"
"749","153"
"750","192"
"751","192"
"752","192"
"753","153"
"754","192"
"755","5"
"756","8"
"757","8"
"758","5"
"759","93"
"760","192"
"761","5"
"762","8"
"763","192"
"764","195"
"765","195"
"766","196"
"767","196"
"768","182"
"769","182"
"770","196"
"771","195"
"772","196"
"773","196"
"774","201"
"775","201"
"776","196"
"777","196"
"778","83"
"779","189"
"780","83"
"781","196"
"782","200"
"783","200"
"784","200"
"785","200"
"786","200"
"787","170"
"788","170"
"789","149"
"790","113"
"791","113"
"792","113"
"793","149"
"794","113"
"795","99"
"796","204"
"797","204"
"798","177"
"799","204"
"800","177"
"801","102"
"802","202"
"803","190"
"804","190"
"805","210"
"806","210"
"807","210"
"808","210"
"809","210"
"810","208"
"811","190"
"812","210"
"813","203"
"814","210"
"816","210"
"815","208"
"817","210"
"818","210"
"819","203"
"820","203"
"821","203"
"822","208"
"823","210"
"824","210"
"825","212"
"826","212"
"827","210"
"828","206"
"829","210"
"830","206"
"831","206"
"832","210"
"833","212"
"834","210"
"835","210"
"836","215"
"837","214"
"838","215"
"839","210"
"840","214"
"841","218"
"842","218"
"843","212"
"844","215"
"845","102"
"846","215"
"847","102"
"848","211"
"849","211"
"850","211"
"851","211"
"852","206"
"853","212"
"854","212"
"855","212"
"856","212"
"857","211"
"858","186"
"859","222"
"860","193"
"861","223"
"862","206"
"863","223"
"864","223"
"865","223"
"866","222"
"867","211"
"868","211"
"869","224"
"870","225"
"871","211"
"872","211"
"873","230"
"874","228"
"875","228"
"876","230"
"877","228"
"878","228"
"879","8"
"880","230"
"881","230"
"882","226"
"883","222"
"884","230"
"885","226"
"886","230"
"887","220"
"888","123"
"889","220"
"890","233"
"891","220"
"892","230"
"893","220"
"894","220"
"895","220"
"896","233"
"897","233"
"898","220"
"899","220"
"900","220"
"901","220"
"902","206"
"903","228"
"904","228"
"905","237"
"906","228"
"907","237"
"908","186"
"909","237"
"910","109"
"911","20"
"912","177"
"913","235"
"914","20"
"915","177"
"916","177"
"917","237"
"918","237"
"919","196"
"920","237"
"921","237"
"922","196"
"923","237"
"924","235"
"925","238"
"926","237"
"927","232"
"928","228"
"929","238"
"930","177"
"931","228"
"932","196"
"933","238"
"934","182"
"935","241"
"936","234"
"937","239"
"938","241"
"939","241"
"940","234"
"941","239"
"942","239"
"943","239"
"944","241"
"945","239"
"946","93"
"947","243"
"948","241"
"949","243"
"950","243"
"951","184"
"952","184"
"953","184"
"954","168"
"955","184"
"956","184"
"957","168"
"958","184"
"959","168"
"960","168"
"961","184"
"962","246"
"963","231"
"966","246"
"967","184"
"968","249"
"969","249"
"970","235"
"971","184"
"972","184"
"973","245"
"974","252"
"975","252"
"976","184"
"978","252"
"979","252"
"980","252"
"981","252"
"982","252"
"983","184"
"984","203"
"985","256"
"986","203"
"987","257"
"988","256"
"989","203"
"990","256"
"991","245"
"992","256"
"993","256"
"994","14"
"995","258"
"996","184"
"997","258"
"998","258"
"999","258"
"1000","258"
"1001","184"
"1002","214"
"1003","83"
"1004","83"
"1005","123"
"1006","253"
"1007","264"
"1008","262"
"1012","264"
"1010","264"
"1011","264"
"1022","264"
"1016","264"
"1015","263"
"1017","261"
"1018","264"
"1019","265"
"1020","266"
"1021","265"
"1023","264"
"1024","153"
"1025","266"
"1026","263"
"1027","253"
"1028","264"
"1029","264"
"1030","264"
"1031","264"
"1032","266"
"1033","264"
"1034","264"
"1035","265"
"1036","266"
"1037","170"
"1038","265"
"1039","264"
"1040","265"
"1041","265"
"1042","268"
"1043","268"
"1044","268"
"1045","268"
"1046","268"
"1047","264"
"1048","264"
"1049","97"
"1050","263"
"1051","262"
"1052","261"
"1053","245"
"1054","268"
"1055","268"
"1056","268"
"1057","263"
"1058","271"
"1059","220"
"1060","271"
"1061","271"
"1062","220"
"1063","271"
"1064","271"
"1065","268"
"1066","268"
"1067","268"
"1068","268"
"1069","270"
"1070","264"
"1071","268"
"1072","271"
"1073","268"
"1074","274"
"1075","263"
"1076","272"
"1077","263"
"1078","32"
"1079","231"
"1080","277"
"1081","277"
"1082","277"
"1083","277"
"1084","277"
"1085","277"
"1086","277"
"1087","264"
"1088","268"
"1089","268"
"1090","270"
"1091","277"
"1092","277"
"1093","275"
"1094","220"
"1095","277"
"1096","277"
"1097","277"
"1098","277"
"1099","275"
"1100","277"
"1101","268"
"1102","277"
"1103","277"
"1104","277"
"1105","277"
"1106","275"
"1107","18"
"1108","268"
"1109","245"
"1110","268"
"1111","268"
"1112","220"
"1113","274"
"1114","220"
"1115","220"
"1116","18"
"1117","189"
"1118","190"
"1119","276"
"1120","278"
"1121","220"
"1122","220"
"1123","278"
"1124","278"
"1125","284"
"1126","281"
"1127","281"
"1128","281"
"1129","277"
"1130","277"
"1131","284"
"1132","284"
"1133","284"
"1134","203"
"1135","281"
"1136","283"
"1137","279"
"1138","279"
"1139","279"
"1140","284"
"1141","284"
"1142","203"
"1143","281"
"1144","196"
"1146","206"
"1147","203"
"1148","265"
"1149","265"
"1150","268"
"1151","259"
"1152","196"
"1153","288"
"1154","221"
"1155","289"
"1156","289"
"1157","288"
"1158","259"
"1159","212"
"1160","212"
"1161","288"
"1162","288"
"1163","219"
"1164","220"
"1165","219"
"1167","219"
"1168","219"
"1169","219"
"1170","212"
"1171","219"
"1172","219"
"1173","277"
"1174","219"
"1175","289"
"1176","289"
"1177","273"
"1178","273"
"1179","219"
"1180","220"
"1181","273"
"1182","235"
"1184","184"
"1185","206"
"1186","273"
"1187","273"
"1188","273"
"1189","290"
"1190","290"
"1191","277"
"1192","292"
"1193","277"
"1194","292"
"1195","292"
"1196","292"
"1197","292"
"1198","20"
"1199","292"
"1200","219"
"1201","7"
"1202","289"
"1203","292"
"1204","292"
"1205","293"
"1206","293"
"1207","291"
"1208","291"
"1209","293"
"1210","293"
"1211","293"
"1212","291"
"1213","293"
"1214","293"
"1215","271"
"1216","229"
"1217","229"
"1218","277"
"1219","294"
"1220","294"
"1221","279"
"1222","294"
"1223","294"
"1224","297"
"1225","294"
"1226","294"
"1227","90"
"1228","43"
"1229","300"
"1230","300"
"1231","300"
"1232","297"
"1233","300"
"1234","300"
"1235","300"
"1236","294"
"1237","300"
"1238","294"
"1239","295"
"1240","242"
"1241","295"
"1242","295"
"1243","295"
"1244","295"
"1245","295"
"1246","295"
"1247","295"
"1248","255"
"1249","295"
"1250","295"
"1251","295"
"1252","295"
"1253","289"
"1254","301"
"1255","301"
"1256","174"
"1257","255"
"1258","301"
"1259","301"
"1260","301"
"1261","3"
"1262","295"
"1263","303"
"1264","303"
"1265","303"
"1266","271"
"1267","304"
"1268","304"
"1269","295"
"1270","306"
"1271","220"
"1272","220"
"1273","242"
"1274","303"
"1275","303"
"1276","289"
"1277","289"
"1278","305"
"1279","305"
"1280","305"
"1281","242"
"1282","295"
"1283","305"
"1284","220"
"1285","305"
"1286","305"
"1287","260"
"1288","260"
"1289","306"
"1290","306"
"1291","210"
"1292","308"
"1293","310"
"1294","312"
"1295","312"
"1296","312"
"1297","312"
"1298","312"
"1299","312"
"1300","309"
"1301","261"
"1302","309"
"1303","309"
"1304","309"
"1305","105"
"1306","105"
"1307","309"
"1308","299"
"1309","299"
"1310","299"
"1311","299"
"1312","299"
"1313","299"
"1314","299"
"1315","299"
"1316","299"
"1317","299"
"1318","299"
"1319","299"
"1320","299"
"1321","299"
"1322","46"
"1323","46"
"1324","299"
"1325","307"
"1326","307"
"1327","307"
"1328","299"
"1329","307"
"1330","307"
"1331","307"
"1332","307"
"1333","307"
"1334","299"
"1335","299"
"1336","299"
"1337","312"
"1338","312"
"1339","312"
"1340","299"
"1341","315"
"1342","315"
"1343","315"
"1344","315"
"1345","3"
"1346","315"
"1347","261"
"1348","315"
"1349","315"
"1350","315"
"1351","314"
"1352","315"
"1353","314"
"1354","314"
"1355","315"
"1356","314"
"1357","315"
"1358","315"
"1359","315"
"1360","315"
"1361","316"
"1362","9"
"1363","315"
"1365","309"
"1366","305"
"1367","317"
"1368","317"
"1369","318"
"1370","318"
"1371","319"
"1372","319"
"1373","319"
"1374","319"
"1375","319"
"1376","319"
"1377","319"
"1378","319"
"1379","319"
"1380","319"
"1381","319"
"1382","319"
"1383","319"
"1384","319"
"1385","319"
"1386","319"
"1387","305"
"1388","321"
"1389","314"
"1390","320"
"1391","305"
"1392","218"
"1393","320"
"1394","289"
"1395","291"
"1396","292"
"1397","322"
"1398","315"
"1399","322"
"1400","322"
"1401","315"
"1402","322"
"1403","315"
"1404","322"
"1405","322"
"1406","320"
"1407","322"
"1408","320"
"1409","317"
"1410","311"
"1411","322"
"1412","322"
"1413","311"
"1414","311"
"1415","317"
"1416","315"
"1417","315"
"1418","323"
"1419","323"
"1420","323"
"1421","323"
"1422","323"
"1423","322"
"1424","323"
"1425","261"
"1426","113"
"1427","324"
"1428","324"
"1429","324"
"1430","324"
"1431","324"
"1432","324"
"1433","324"
"1434","220"
"1435","324"
"1436","324"
"1437","324"
"1438","324"
"1439","324"
"1440","324"
"1441","324"
"1442","326"
"1443","326"
"1444","326"
"1445","326"
"1446","326"
"1447","326"
"1448","326"
"1449","326"
"1450","326"
"1451","326"
"1452","326"
"1453","327"
"1454","327"
"1455","326"
"1456","327"
"1457","325"
"1458","326"
"1459","326"
"1460","327"
"1461","327"
"1462","220"
"1463","327"
"1464","330"
"1465","330"
"1466","305"
"1467","326"
"1468","334"
"1469","334"
"1470","334"
"1471","334"
"1472","334"
"1473","332"
"1474","332"
"1475","332"
"1476","146"
"1477","332"
"1478","334"
"1479","332"
"1480","277"
"1481","332"
"1482","332"
"1483","336"
"1484","336"
"1485","336"
"1486","335"
"1487","335"
"1488","335"
"1489","335"
"1490","335"
"1491","335"
"1492","335"
"1493","335"
"1494","335"
"1495","335"
"1496","332"
"1497","335"
"1498","335"
"1499","335"
"1500","335"
"1501","335"
"1502","339"
"1503","339"
"1504","339"
"1505","339"
"1506","339"
"1507","339"
"1508","335"
"1509","339"
"1510","339"
"1511","339"
"1512","339"
"1513","339"
"1514","335"
"1515","337"
"1516","337"
"1517","338"
"1518","338"
"1519","338"
"1520","317"
"1521","317"
"1522","338"
"1523","337"
"1524","342"
"1525","342"
"1526","342"
"1527","9"
"1528","130"
"1529","342"
"1530","342"
"1531","130"
"1532","344"
"1533","344"
"1534","344"
"1535","341"
"1536","344"
"1537","344"
"1538","344"
"1539","2"
"1540","344"
"1541","184"
"1542","341"
"1543","347"
"1544","347"
"1545","347"
"1546","347"
"1547","347"
"1548","347"
"1549","347"
"1550","347"
"1551","347"
"1552","347"
"1553","347"
"1554","347"
"1555","347"
"1556","343"
"1557","347"
"1558","347"
"1559","347"
"1560","347"
"1561","347"
"1562","347"
"1563","347"
"1564","347"
"1565","123"
"1566","347"
"1567","347"
"1568","343"
"1569","346"
"1570","346"
"1571","346"
"1572","346"
"1573","347"
"1574","347"
"1575","346"
"1576","333"
"1577","333"
"1578","333"
"1579","333"
"1580","333"
"1581","333"
"1582","333"
"1583","333"
"1584","333"
"1585","349"
"1586","349"
"1587","349"
"1588","349"
"1589","349"
"1590","349"
"1591","196"
"1592","333"
"1593","333"
"1594","333"
"1595","333"
"1596","347"
"1597","343"
"1598","333"
"1599","343"
"1600","349"
"1601","348"
"1602","348"
"1603","348"
"1604","348"
"1605","348"
"1606","333"
"1607","348"
"1608","350"
"1609","350"
"1610","348"
"1611","348"
"1612","348"
"1613","350"
"1614","352"
"1615","352"
"1616","352"
"1617","352"
"1618","352"
"1619","352"
"1620","352"
"1621","350"
"1622","333"
"1623","333"
"1624","333"
"1625","352"
"1626","333"
"1627","333"
"1628","333"
"1629","350"
"1630","350"
"1631","350"
"1632","350"
"1633","350"
"1634","350"
"1635","352"
"1636","328"
"1637","328"
"1638","328"
"1639","328"
"1640","328"
"1641","328"
"1642","328"
"1643","328"
"1644","351"
"1645","351"
"1646","328"
"1647","347"
"1648","351"
"1649","328"
"1650","328"
"1651","328"
"1652","351"
"1653","328"
"1654","351"
"1655","347"
"1656","184"
"1657","328"
"1658","328"
"1659","328"
"1660","274"
"1661","274"
"1662","354"
"1663","354"
"1664","354"
"1665","354"
"1666","354"
"1667","354"
"1668","354"
"1669","354"
"1670","354"
"1671","354"
"1672","333"
"1673","356"
"1674","356"
"1675","356"
"1676","356"
"1677","356"
"1678","337"
"1679","354"
"1680","299"
"1681","299"
"1682","299"
"1683","305"
"1684","333"
"1685","333"
"1686","91"
"1687","111"
"1688","181"
"1689","305"
"1690","358"
"1691","358"
"1692","358"
"1693","358"
"1694","351"
"1695","96"
"1696","333"
"1698","357"
"1699","357"
"1700","350"
"1701","359"
"1702","359"
"1703","359"
"1704","359"
"1705","333"
"1706","333"
"1707","359"
"1708","359"
"1709","333"
"1710","333"
"1711","359"
"1712","359"
"1713","359"
"1714","359"
"1715","357"
"1716","359"
"1717","359"
"1718","326"
"1719","326"
"1720","357"
"1721","357"
"1722","357"
"1723","357"
"1724","357"
"1725","357"
"1726","203"
"1727","317"
"1728","328"
"1729","308"
"1730","329"
"1731","329"
"1732","360"
"1733","360"
"1734","360"
"1735","360"
"1736","360"
"1737","333"
"1738","360"
"1739","360"
"1740","333"
"1741","360"
"1742","360"
"1743","360"
"1744","360"
"1745","360"
"1746","360"
"1747","360"
"1748","360"
"1749","360"
"1750","359"
"1751","359"
"1752","348"
"1753","348"
"1754","356"
"1755","361"
"1756","361"
"1757","361"
"1758","361"
"1759","361"
"1760","361"
"1761","361"
"1762","361"
"1763","359"
"1764","361"
"1765","360"
"1766","361"
"1767","360"
"1768","361"
"1769","308"
"1770","365"
"1771","365"
"1772","365"
"1773","365"
"1774","362"
"1775","362"
"1776","362"
"1777","362"
"1778","362"
"1779","333"
"1780","366"
"1781","366"
"1782","326"
"1783","326"
"1784","326"
"1785","365"
"1786","365"
"1787","366"
"1788","361"
"1789","366"
"1790","362"
"1791","361"
"1792","363"
"1793","184"
"1794","256"
"1795","361"
"1796","363"
"1797","363"
"1798","367"
"1799","362"
"1800","362"
"1801","267"
"1802","367"
"1803","255"
"1804","342"
"1805","333"
"1806","333"
"1807","366"
"1808","362"
"1809","361"
"1810","369"
"1811","369"
"1812","369"
"1813","89"
"1814","369"
"1815","371"
"1816","369"
"1817","184"
"1818","305"
"1819","361"
"1820","96"
"1821","369"
"1822","369"
"1823","334"
"1824","343"
"1825","370"
"1826","333"
"1827","224"
"1828","320"
"1829","193"
"1830","377"
"1831","377"
"1832","377"
"1833","377"
"1834","377"
"1835","377"
"1836","377"
"1837","377"
"1838","377"
"1839","377"
"1840","20"
"1841","20"
"1842","333"
"1843","377"
"1844","333"
"1845","373"
"1846","373"
"1847","373"
"1848","373"
"1849","373"
"1850","258"
"1851","333"
"1852","333"
"1853","333"
"1854","333"
"1855","333"
"1856","329"
"1857","377"
"1858","379"
"1859","377"
"1860","379"
"1861","333"
"1862","377"
"1863","377"
"1864","380"
"1865","380"
"1866","377"
"1867","380"
"1868","380"
"1869","380"
"1870","375"
"1871","375"
"1872","375"
"1873","375"
"1874","368"
"1875","368"
"1876","368"
"1877","184"
"1878","333"
"1879","381"
"1880","352"
"1896","352"
"1882","381"
"1883","381"
"1884","361"
"1885","374"
"1886","333"
"1887","381"
"1888","374"
"1889","374"
"1890","374"
"1891","381"
"1892","342"
"1893","374"
"1894","365"
"1895","326"
"1897","378"
"1898","378"
"1899","378"
"1900","378"
"1901","378"
"1902","305"
"1903","378"
"1904","256"
"1905","378"
"1906","378"
"1907","378"
"1908","378"
"1909","378"
"1910","361"
"1911","361"
"1912","378"
"1913","361"
"1914","258"
"1915","333"
"1916","333"
"1917","333"
"1918","333"
"1919","333"
"1920","333"
"1921","333"
"1922","333"
"1923","333"
"1924","333"
"1925","378"
"1926","333"
"1927","333"
"1928","333"
"1929","333"
"1930","361"
"1931","344"
"1932","235"
"1933","333"
"1934","333"
"1935","333"
"1936","333"
"1937","333"
"1938","333"
"1939","235"
"1940","9"
"1941","378"
"1942","333"
"1943","378"
"1944","333"
"1945","372"
"1946","333"
"1947","372"
"1948","333"
"1949","333"
"1950","333"
"1951","383"
"1952","383"
"1953","383"
"1954","383"
"1955","372"
"1956","298"
"1957","264"
"1958","333"
"1959","298"
"1960","372"
"1961","241"
"1962","378"
"1963","333"
"1964","326"
"1965","330"
"1966","378"
"1967","333"
"1968","382"
"1969","333"
"1970","383"
"1971","274"
"1972","333"
"1973","255"
"1974","385"
"1975","184"
"1976","378"
"1977","385"
"1978","330"
"1979","342"
"1980","41"
"1981","386"
"1982","386"
"1983","386"
"1984","386"
"1985","386"
"1986","386"
"1987","386"
"1988","386"
"1989","386"
"1990","386"
"1991","386"
"1992","386"
"1993","386"
"1994","386"
"1995","386"
"1996","387"
"1997","387"
"1998","387"
"1999","387"
"2000","387"
"2001","387"
"2002","387"
"2003","385"
"2004","387"
"2005","385"
"2006","387"
"2007","387"
"2008","387"
"2009","385"
"2010","389"
"2011","389"
"2012","389"
"2013","389"
"2014","389"
"2015","389"
"2016","387"
"2017","389"
"2018","389"
"2019","389"
"2020","389"
"2021","389"
"2022","389"
"2023","389"
"2024","389"
"2025","389"
"2026","298"
"2027","386"
"2028","372"
"2029","372"
"2030","298"
"2031","387"
"2032","376"
"2033","20"
"2034","386"
"2035","390"
"2036","390"
"2037","390"
"2038","390"
"2039","390"
"2040","390"
"2041","390"
"2042","390"
"2043","390"
"2044","390"
"2045","298"
"2046","298"
"2047","356"
"2048","298"
"2049","384"
"2050","384"
"2051","387"
"2052","384"
"2053","184"
"2054","384"
"2055","384"
"2056","384"
"2057","384"
"2058","235"
"2059","392"
"2060","392"
"2061","392"
"2062","392"
"2063","333"
"2064","384"
"2065","333"
"2066","392"
"2067","333"
"2068","390"
"2069","388"
"2070","388"
"2071","388"
"2072","388"
"2073","388"
"2074","184"
"2075","395"
"2076","395"
"2077","395"
"2078","395"
"2079","395"
"2080","395"
"2081","395"
"2082","395"
"2083","395"
"2084","395"
"2085","395"
"2086","395"
"2087","90"
"2088","395"
"2089","394"
"2090","394"
"2091","394"
"2092","395"
"2093","395"
"2094","394"
"2095","394"
"2096","394"
"2097","394"
"2098","394"
"2099","394"
"2100","394"
"2101","396"
"2102","396"
"2103","396"
"2104","396"
"2105","396"
"2106","394"
"2107","396"
"2108","395"
"2109","394"
"2110","395"
"2111","395"
"2112","396"
"2113","333"
"2114","333"
"2115","394"
"2116","395"
"2117","335"
"2118","397"
"2119","397"
"2120","397"
"2121","397"
"2122","397"
"2123","397"
"2124","397"
"2125","397"
"2126","397"
"2127","397"
"2128","397"
"2129","397"
"2130","397"
"2131","397"
"2132","11"
"2133","397"
"2134","397"
"2135","396"
"2136","398"
"2137","398"
"2138","397"
"2139","397"
"2140","397"
"2141","397"
"2142","397"
"2143","397"
"2144","397"
"2145","397"
"2146","372"
"2147","258"
"2149","400"
"2150","335"
"2151","400"
"2152","400"
"2153","397"
"2154","400"
"2155","400"
"2156","399"
"2157","399"
"2158","399"
"2159","399"
"2160","399"
"2161","399"
"2162","399"
"2163","399"
"2164","399"
"2165","399"
"2166","399"
"2167","373"
"2168","373"
"2169","373"
"2170","342"
"2171","342"
"2172","401"
"2173","401"
"2174","401"
"2175","401"
"2176","329"
"2177","397"
"2178","329"
"2179","401"
"2180","401"
"2181","333"
"2182","399"
"2183","330"
"2184","398"
"2185","399"
"2186","289"
"2187","402"
"2188","402"
"2189","402"
"2190","402"
"2191","402"
"2192","399"
"2193","402"
"2194","402"
"2195","402"
"2196","402"
"2197","402"
"2198","402"
"2199","402"
"2200","387"
"2201","402"
"2202","402"
"2203","402"
"2204","402"
"2205","402"
"2206","403"
"2207","403"
"2208","402"
"2209","403"
"2210","384"
"2211","403"
"2212","403"
"2213","403"
"2214","403"
"2215","403"
"2216","403"
"2217","403"
"2218","403"
"2219","384"
"2220","399"
"2221","400"
"2222","400"
"2223","402"
"2224","400"
"2225","400"
"2226","399"
"2227","399"
"2228","405"
"2229","405"
"2230","405"
"2231","405"
"2232","405"
"2233","405"
"2234","405"
"2235","405"
"2236","399"
"2237","405"
"2238","405"
"2239","402"
"2240","405"
"2241","405"
"2242","399"
"2243","405"
"2244","405"
"2245","405"
"2246","405"
"2247","405"
"2248","405"
"2249","405"
"2250","405"
"2251","405"
"2252","405"
"2253","405"
"2254","405"
"2255","404"
"2256","404"
"2257","405"
"2258","404"
"2259","404"
"2260","404"
"2261","405"
"2262","405"
"2263","405"
"2264","404"
"2265","404"
"2266","405"
"2267","397"
"2268","404"
"2269","404"
"2270","342"
"2271","370"
"2272","400"
"2273","404"
"2274","404"
"2275","333"
"2276","404"
"2277","404"
"2278","404"
"2279","330"
"2280","406"
"2281","406"
"2282","406"
"2283","406"
"2284","406"
"2285","406"
"2286","406"
"2287","406"
"2288","406"
"2289","406"
"2290","406"
"2291","406"
"2292","406"
"2293","407"
"2294","407"
"2295","407"
"2296","407"
"2297","333"
"2298","407"
"2299","407"
"2300","406"
"2301","406"
"2302","406"
"2303","406"
"2304","400"
"2305","333"
"2306","406"
"2307","333"
"2308","404"
"2309","333"
"2310","329"
"2311","406"
"2312","333"
"2313","409"
"2314","409"
"2315","409"
"2316","409"
"2317","409"
"2318","409"
"2319","408"
"2320","409"
"2321","408"
"2322","408"
"2323","409"
"2324","408"
"2325","408"
"2326","6"
"2327","410"
"2328","410"
"2329","410"
"2330","410"
"2331","410"
"2332","410"
"2333","410"
"2334","6"
"2335","6"
"2336","6"
"2337","406"
"2338","410"
"2339","412"
"2340","410"
"2341","410"
"2342","412"
"2343","387"
"2344","410"
"2345","401"
"2346","408"
"2347","408"
"2348","333"
"2349","413"
"2350","413"
"2351","413"
"2352","413"
"2353","413"
"2354","413"
"2355","413"
"2356","413"
"2357","413"
"2358","410"
"2359","415"
"2360","411"
"2361","415"
"2362","412"
"2363","411"
"2364","411"
"2365","413"
"2366","415"
"2367","414"
"2368","414"
"2369","415"
"2370","416"
"2371","416"
"2372","415"
"2373","414"
"2374","416"
"2375","416"
"2376","416"
"2377","416"
"2378","416"
"2379","329"
"2380","416"
"2381","416"
"2382","416"
"2383","329"
"2385","416"
"2386","356"
"2387","417"
"2388","417"
"2389","417"
"2390","417"
"2391","415"
"2392","330"
"2393","415"
"2394","400"
"2395","400"
"2396","140"
"2397","356"
"2398","356"
"2399","418"
"2400","418"
"2401","418"
"2402","418"
"2403","418"
"2404","418"
"2405","418"
"2406","418"
"2407","418"
"2408","418"
"2409","418"
"2410","418"
"2411","418"
"2412","406"
"2413","418"
"2414","418"
"2415","333"
"2416","419"
"2417","419"
"2418","419"
"2419","419"
"2420","399"
"2421","415"
"2422","416"
"2423","420"
"2424","420"
"2425","420"
"2426","420"
"2427","420"
"2428","420"
"2429","420"
"2430","420"
"2431","420"
"2432","420"
"2433","418"
"2434","420"
"2435","420"
"2436","420"
"2437","420"
"2438","420"
"2439","420"
"2440","420"
"2441","420"
"2442","420"
"2443","420"
"2444","419"
"2445","20"
"2446","210"
"2447","333"
"2448","421"
"2449","421"
"2450","424"
"2451","424"
"2452","424"
"2453","424"
"2454","419"
"2455","424"
"2456","419"
"2457","424"
"2458","423"
"2459","423"
"2460","420"
"2461","423"
"2462","423"
"2463","423"
"2464","359"
"2465","424"
"2466","424"
"2467","348"
"2468","426"
"2469","426"
"2470","426"
"2471","426"
"2472","426"
"2473","426"
"2474","422"
"2475","422"
"2476","422"
"2477","422"
"2478","422"
"2479","422"
"2480","422"
"2481","426"
"2482","426"
"2483","233"
"2484","422"
"2485","427"
"2486","427"
"2487","427"
"2488","426"
"2489","427"
"2490","422"
"2491","427"
"2492","426"
"2493","428"
"2494","428"
"2495","428"
"2496","428"
"2497","428"
"2498","428"
"2499","428"
"2500","428"
"2501","423"
"2502","428"
"2503","428"
"2504","428"
"2505","428"
"2506","242"
"2507","429"
"2508","426"
"2509","431"
"2510","431"
"2511","431"
"2512","431"
"2513","431"
"2514","431"
"2515","431"
"2516","431"
"2517","431"
"2518","431"
"2519","431"
"2520","431"
"2521","431"
"2522","431"
"2523","431"
"2524","431"
"2525","431"
"2526","431"
"2527","431"
"2528","431"
"2529","431"
"2530","428"
"2531","428"
"2532","428"
"2533","428"
"2534","432"
"2535","432"
"2536","432"
"2537","431"
"2538","431"
"2539","432"
"2540","432"
"2541","431"
"2542","431"
"2543","429"
"2544","431"
"2545","1"
"2546","1"
"2547","1"
"2548","1"
"2549","1"
"2550","1"
"2551","1"
"2552","433"
"2553","433"
"2554","433"
"2555","433"
"2556","433"
"2557","432"
"2558","433"
"2559","433"
"2560","433"
"2561","1"
"2562","1"
"2563","432"
"2564","433"
"2565","1"
"2566","433"
"2567","433"
"2568","433"
"2569","433"
"2570","433"
"2571","433"
"2572","433"
"2573","433"
"2574","433"
"2575","433"
"2576","433"
"2577","433"
"2578","433"
"2579","433"
"2580","433"
"2581","433"
"2582","433"
"2583","433"
"2584","433"
"2585","433"
"2586","433"
"2587","431"
"2588","425"
"2589","433"
"2590","247"
"2591","319"
"2592","426"
"2593","325"
"2594","418"
"2595","420"
"2596","434"
"2597","434"
"2598","434"
"2599","434"
"2600","434"
"2601","434"
"2602","2"
"2603","431"
"2604","423"
"2605","414"
"2606","433"
"2607","433"
"2608","422"
"2609","433"
"2610","430"
"2611","430"
"2612","430"
"2613","430"
"2614","430"
"2615","430"
"2616","430"
"2617","430"
"2618","430"
"2619","430"
"2620","430"
"2624","423"
"2622","430"
"2623","430"
"2625","298"
"2626","430"
"2627","431"
"2628","430"
"2629","430"
"2630","436"
"2631","436"
"2632","436"
"2633","436"
"2634","436"
"2635","431"
"2636","422"
"2637","423"
"2638","414"
"2639","437"
"2640","437"
"2641","437"
"2642","437"
"2643","437"
"2644","436"
"2645","431"
"2646","431"
"2647","437"
"2648","437"
"2649","9"
"2650","9"
"2651","437"
"2652","436"
"2653","437"
"2654","436"
"2656","436"
"2657","436"
"2658","436"
"2659","431"
"2660","437"
"2661","436"
"2662","437"
"2663","437"
"2664","437"
"2665","437"
"2666","437"
"2667","437"
"2668","437"
"2669","438"
"2670","438"
"2671","438"
"2672","438"
"2673","438"
"2674","438"
"2675","438"
"2676","438"
"2677","438"
"2678","438"
"2679","438"
"2680","438"
"2681","438"
"2682","438"
"2683","438"
"2684","438"
"2685","438"
"2686","438"
"2687","438"
"2688","438"
"2689","438"
"2690","438"
"2691","438"
"2692","438"
"2693","438"
"2694","274"
"2695","342"
"2696","438"
"2697","439"
"2698","439"
"2699","431"
"2700","439"
"2701","439"
"2702","439"
"2703","439"
"2704","439"
"2705","439"
"2706","439"
"2707","439"
"2708","439"
"2709","439"
"2710","439"
"2711","439"
"2715","433"
"2716","441"
"2717","439"
"2713","441"
"2714","439"
"2718","433"
"2719","439"
"2720","433"
"2721","438"
"2722","442"
"2723","442"
"2724","442"
"2725","442"
"2726","442"
"2727","442"
"2728","442"
"2729","442"
"2730","442"
"2731","442"
"2732","442"
"2733","441"
"2734","442"
"2735","442"
"2736","442"
"2737","442"
"2738","442"
"2739","442"
"2740","442"
"2741","442"
"2742","277"
"2743","433"
"2744","442"
"2745","20"
"2746","433"
"2747","439"
"2748","441"
"2749","442"
"2750","442"
"2751","439"
"2752","444"
"2753","444"
"2754","444"
"2755","444"
"2756","444"
"2757","444"
"2758","444"
"2759","444"
"2760","442"
"2761","442"
"2762","411"
"2763","444"
"2764","443"
"2765","443"
"2766","444"
"2767","443"
"2768","443"
"2769","443"
"2770","444"
"2771","443"
"2772","443"
"2773","443"
"2774","443"
"2775","443"
"2776","317"
"2777","443"
"2778","443"
"2779","443"
"2780","445"
"2781","445"
"2782","443"
"2783","443"
"2784","443"
"2785","443"
"2786","443"
"2787","443"
"2788","434"
"2789","443"
"2790","445"
"2791","445"
"2792","426"
"2793","363"
"2794","445"
"2795","445"
"2796","403"
"2797","444"
"2798","439"
"2799","445"
"2800","443"
"2801","445"
"2802","443"
"2803","443"
"2804","443"
"2805","209"
"2806","430"
"2807","446"
"2808","446"
"2809","447"
"2810","447"
"2811","447"
"2812","447"
"2813","444"
"2814","447"
"2815","447"
"2816","443"
"2817","446"
"2818","447"
"2819","445"
"2820","446"
"2821","443"
"2822","20"
"2823","447"
"2824","443"
"2825","447"
"2826","447"
"2827","424"
"2828","445"
"2829","447"
"2830","447"
"2831","447"
"2832","444"
"2833","20"
"2834","449"
"2835","449"
"2836","449"
"2837","449"
"2838","449"
"2839","449"
"2840","449"
"2841","449"
"2842","449"
"2843","449"
"2844","449"
"2845","449"
"2846","449"
"2847","449"
"2848","449"
"2849","449"
"2850","449"
"2853","398"
"2854","447"
"2851","449"
"2852","449"
"2855","449"
"2858","449"
"2856","449"
"2857","449"
"2859","450"
"2860","450"
"2861","450"
"2862","447"
"2863","449"
"2864","449"
"2865","451"
"2866","451"
"2867","449"
"2868","451"
"2869","450"
"2870","451"
"2871","450"
"2872","450"
"2873","448"
"2874","448"
"2875","448"
"2876","448"
"2877","448"
"2878","448"
"2879","448"
"2880","448"
"2881","448"
"2882","448"
"2883","329"
"2884","403"
"2885","448"
"2886","448"
"2887","65"
"2888","453"
"2889","453"
"2890","453"
"2891","453"
"2892","433"
"2893","453"
"2894","450"
"2895","453"
"2896","453"
"2897","453"
"2898","453"
"2899","453"
"2900","453"
"2901","453"
"2902","454"
"2903","454"
"2904","453"
"2905","453"
"2906","333"
"2907","454"
"2908","453"
"2909","454"
"2910","454"
"2911","454"
"2912","453"
"2913","454"
"2914","453"
"2915","445"
"2916","454"
"2917","455"
"2918","384"
"2919","455"
"2920","455"
"2921","455"
"2922","455"
"2923","455"
"2924","448"
"2925","454"
"2926","455"
"2927","453"
"2928","456"
"2929","456"
"2930","456"
"2931","456"
"2932","456"
"2933","455"
"2934","455"
"2935","455"
"2936","455"
"2937","455"
"2938","455"
"2939","457"
"2940","457"
"2941","457"
"2942","457"
"2943","457"
"2944","457"
"2945","456"
"2946","457"
"2947","447"
"2948","406"
"2949","406"
"2950","459"
"2951","459"
"2952","457"
"2953","459"
"2954","459"
"2955","459"
"2956","459"
"2957","459"
"2958","459"
"2959","453"
"2960","459"
"2961","453"
"2962","330"
"2963","398"
"2964","455"
"2965","455"
"2966","455"
"2967","460"
"2968","460"
"2969","460"
"2970","453"
"2971","433"
"2972","458"
"2973","458"
"2974","403"
"2975","458"
"2976","458"
"2977","458"
"2978","460"
"2979","456"
"2980","458"
"2981","458"
"2982","458"
"2983","330"
"2984","452"
"2985","452"
"2986","452"
"2987","452"
"2988","452"
"2989","452"
"2990","452"
"2991","452"
"2992","452"
"2993","452"
"2994","452"
"2995","452"
"2996","452"
"2997","216"
"2998","333"
"2999","450"
"3000","9"
"3001","458"
"3002","460"
"3003","449"
"3004","460"
"3005","460"
"3006","356"
"3007","461"
"3008","461"
"3009","461"
"3010","461"
"3011","461"
"3012","461"
"3013","461"
"3014","461"
"3015","461"
"3016","461"
"3017","461"
"3018","461"
"3019","461"
"3020","461"
"3021","9"
"3022","8"
"3023","13"
"3024","11"
"3025","461"
"3026","461"
"3027","461"
"3028","461"
"3029","461"
"3030","461"
"3031","461"
"3032","461"
"3033","461"
"3034","242"
"3035","461"
"3036","461"
"3037","461"
"3038","411"
"3039","461"
"3040","452"
"3041","461"
"3042","461"
"3043","356"
"3044","462"
"3045","462"
"3046","462"
"3047","465"
"3048","465"
"3049","465"
"3050","465"
"3051","465"
"3052","465"
"3053","465"
"3054","465"
"3055","465"
"3056","465"
"3057","465"
"3058","465"
"3059","465"
"3060","465"
"3061","465"
"3062","465"
"3063","462"
"3064","465"
"3065","465"
"3066","465"
"3067","465"
"3068","465"
"3069","465"
"3070","465"
"3071","464"
"3072","89"
"3073","465"
"3074","333"
"3075","466"
"3076","466"
"3077","461"
"3078","461"
"3079","461"
"3080","333"
"3081","333"
"3082","465"
"3083","461"
"3084","469"
"3085","469"
"3086","469"
"3087","459"
"3088","459"
"3089","469"
"3090","459"
"3091","459"
"3092","459"
"3093","459"
"3095","333"
"3096","456"
"3097","456"
"3098","330"
"3099","456"
"3100","469"
"3101","453"
"3102","469"
"3103","469"
"3104","465"
"3105","469"
"3106","329"
"3107","470"
"3108","470"
"3109","470"
"3110","470"
"3111","470"
"3112","470"
"3113","470"
"3114","470"
"3115","470"
"3116","470"
"3117","470"
"3118","333"
"3119","471"
"3120","471"
"3121","471"
"3122","471"
"3123","471"
"3124","333"
"3125","470"
"3126","471"
"3127","471"
"3128","470"
"3129","471"
"3130","470"
"3131","471"
"3132","470"
"3133","471"
"3134","471"
"3135","471"
"3136","470"
"3137","470"
"3138","471"
"3139","471"
"3140","130"
"3142","470"
"3143","342"
"3144","330"
"3145","428"
"3146","416"
"3147","416"
"3148","471"
"3149","472"
"3150","472"
"3151","333"
"3152","469"
"3153","333"
"3154","463"
"3155","463"
"3156","463"
"3157","463"
"3158","463"
"3159","463"
"3160","437"
"3161","356"
"3162","473"
"3163","473"
"3164","473"
"3165","473"
"3166","473"
"3167","473"
"3168","473"
"3169","473"
"3170","473"
"3171","473"
"3172","473"
"3173","473"
"3174","341"
"3175","341"
"3176","473"
"3177","431"
"3178","473"
"3179","461"
"3180","463"
"3181","473"
"3182","373"
"3183","473"
"3184","463"
"3185","473"
"3186","473"
"3187","473"
"3188","473"
"3189","472"
"3190","333"
"3191","471"
"3192","304"
"3193","9"
"3194","472"
"3195","20"
"3196","463"
"3197","333"
"3198","431"
"3199","433"
"3200","333"
"3201","433"
"3202","433"
"3203","475"
"3204","433"
"3205","475"
"3206","475"
"3207","475"
"3208","475"
"3209","475"
"3210","475"
"3211","474"
"3212","474"
"3213","474"
"3214","333"
"3215","474"
"3216","477"
"3217","477"
"3218","333"
"3219","473"
"3220","333"
"3221","473"
"3222","478"
"3223","478"
"3224","478"
"3225","478"
"3226","478"
"3227","478"
"3228","463"
"3229","478"
"3230","478"
"3231","478"
"3232","474"
"3233","443"
"3234","443"
"3235","443"
"3236","476"
"3237","476"
"3238","476"
"3239","476"
"3240","443"
"3241","443"
"3242","476"
"3243","476"
"3244","476"
"3245","476"
"3246","279"
"3247","478"
"3248","476"
"3249","479"
"3250","471"
"3286","480"
"3251","471"
"3252","479"
"3253","476"
"3254","479"
"3255","478"
"3256","478"
"3257","479"
"3258","333"
"3259","443"
"3260","333"
"3261","479"
"3262","333"
"3263","333"
"3264","479"
"3265","330"
"3266","476"
"3267","480"
"3268","480"
"3269","480"
"3270","480"
"3271","480"
"3272","480"
"3273","473"
"3274","480"
"3275","480"
"3276","480"
"3277","480"
"3278","480"
"3279","480"
"3280","333"
"3281","480"
"3282","478"
"3283","478"
"3284","461"
"3285","480"
"3287","333"
"3288","478"
"3289","480"
"3290","479"
"3291","479"
"3292","333"
"3293","481"
"3294","481"
"3295","450"
"3296","480"
"3297","480"
"3298","447"
"3299","480"
"3300","480"
"3301","333"
"3302","482"
"3303","482"
"3304","482"
"3305","482"
"3306","482"
"3307","482"
"3308","482"
"3309","360"
"3310","482"
"3311","333"
"3312","482"
"3313","333"
"3314","333"
"3315","482"
"3316","439"
"3317","482"
"3318","482"
"3319","483"
"3320","483"
"3321","483"
"3322","167"
"3323","333"
"3324","483"
"3325","484"
"3326","484"
"3327","484"
"3328","483"
"3329","480"
"3330","485"
"3331","485"
"3332","485"
"3333","485"
"3334","485"
"3335","485"
"3336","329"
"3337","437"
"3338","333"
"3339","485"
"3340","476"
"3341","485"
"3342","485"
"3343","447"
"3344","485"
"3345","333"
"3346","476"
"3347","479"
"3348","473"
"3349","483"
"3355","20"
"3356","20"
"3357","485"
"3358","483"
"3359","487"
"3360","487"
"3361","487"
"3362","487"
"3363","484"
"3371","480"
"3372","480"
"3373","333"
"3374","487"
"3375","487"
"3376","184"
"3370","333"
"3377","184"
"3378","458"
"3379","489"
"3380","489"
"3381","489"
"3382","489"
"3383","489"
"3384","484"
"3385","489"
"3386","489"
"3387","489"
"3388","489"
"3389","489"
"3390","489"
"3391","489"
"3392","487"
"3393","484"
"3394","469"
"3395","469"
"3396","330"
"3397","469"
"3398","469"
"3399","274"
"3400","489"
"3401","487"
"3402","484"
"3403","490"
"3404","490"
"3405","490"
"3406","490"
"3407","490"
"3408","490"
"3409","333"
"3410","333"
"3411","490"
"3412","490"
"3413","490"
"3414","490"
"3415","489"
"3416","469"
"3417","490"
"3418","490"
"3419","490"
"3420","330"
"3421","333"
"3422","490"
"3423","330"
"3424","184"
"3425","333"
"3426","333"
"3427","333"
"3428","473"
"3429","447"
"3430","489"
"3431","65"
"3433","489"
"3432","489"
"3434","485"
"3435","184"
"3436","397"
"3437","329"
"3438","312"
"3439","490"
"3440","491"
"3441","491"
"3442","96"
"3443","333"
"3444","333"
"3445","330"
"3446","333"
"3447","492"
"3448","492"
"3449","130"
"3450","130"
"3451","493"
"3452","493"
"3453","493"
"3454","493"
"3455","493"
"3456","493"
"3457","493"
"3458","333"
"3459","493"
"3460","493"
"3461","493"
"3462","109"
"3464","333"
"3465","493"
"3466","493"
"3467","493"
"3468","493"
"3469","493"
"3470","493"
"3471","333"
"3472","329"
"3476","493"
"3474","333"
"3475","493"
"3477","494"
"3478","494"
"3479","494"
"3480","494"
"3481","494"
"3482","333"
"3483","494"
"3484","333"
"3485","333"
"3486","469"
"3487","495"
"3488","495"
"3489","495"
"3490","495"
"3491","495"
"3492","495"
"3493","495"
"3494","495"
"3495","495"
"3496","495"
"3497","495"
"3498","495"
"3499","495"
"3500","333"
"3501","495"
"3502","495"
"3503","333"
"3504","356"
"3505","420"
"3506","496"
"3507","496"
"3508","497"
"3509","496"
"3510","496"
"3511","477"
"3512","497"
"3513","498"
"3514","499"
"3515","500"
"3516","500"
"3517","500"
"3518","333"
"3519","500"
"3520","499"
"3521","497"
"3522","501"
"3523","501"
"3524","501"
"3525","497"
"3526","501"
"3527","501"
"3528","501"
"3529","501"
"3530","499"
"3531","14"
"3532","333"
"3533","501"
"3534","501"
"3535","501"
"3536","300"
"3537","473"
"3538","333"
"3539","333"
"3540","333"
"3541","333"
"3542","333"
"3543","493"
"3544","493"
"3545","493"
"3546","495"
"3547","501"
"3549","503"
"3550","503"
"3551","503"
"3552","503"
"3553","503"
"3554","503"
"3555","503"
"3556","504"
"3557","503"
"3558","504"
"3559","504"
"3560","504"
"3561","485"
"3562","504"
"3563","503"
"3564","503"
"3565","505"
"3566","496"
"3569","503"
"3567","500"
"3570","357"
"3571","196"
"3572","506"
"3573","454"
"3574","503"
"3575","503"
"3576","503"
"3577","498"
"3578","503"
"3579","503"
"3580","463"
"3581","333"
"3582","506"
"3583","258"
"3584","436"
"3585","436"
"3586","326"
"3587","509"
"3588","507"
"3589","437"
"3590","510"
"3591","509"
"3592","510"
"3593","510"
"3594","510"
"3595","510"
"3596","510"
"3597","511"
"3598","511"
"3599","511"
"3600","511"
"3601","513"
"3602","513"
"3603","513"
"3604","513"
"3605","513"
"3606","513"
"3607","513"
"3608","513"
"3609","513"
"3610","513"
"3611","512"
"3612","512"
"3613","512"
"3614","512"
"3615","512"
"3616","512"
"3617","397"
"3618","514"
"3619","514"
"3620","514"
"3621","514"
"3622","514"
"3623","510"
"3624","333"
"3625","514"
"3626","514"
"3627","514"
"3628","333"
"3629","503"
"3630","514"
"3631","515"
"3632","515"
"3633","510"
"3634","516"
"3635","516"
"3636","516"
"3637","478"
"3638","516"
"3639","516"
"3640","513"
"3641","517"
"3642","517"
"3643","517"
"3644","514"
"3645","517"
"3646","517"
"3647","518"
"3648","518"
"3649","518"
"3650","518"
"3651","518"
"3652","518"
"3653","518"
"3654","514"
"3655","400"
"3656","517"
"3657","517"
"3658","517"
"3659","519"
"3660","517"
"3661","521"
"3662","521"
"3663","521"
"3664","525"
"3665","525"
"3666","525"
"3667","525"
"3668","525"
"3669","525"
"3670","525"
"3671","522"
"3672","522"
"3673","518"
"3674","522"
"3675","525"
"3676","518"
"3677","525"
"3678","525"
"3679","525"
"3680","524"
"3681","520"
"3723","333"
"3682","521"
"3683","499"
"3684","524"
"3685","505"
"3686","521"
"3687","184"
"3688","529"
"3689","529"
"3690","529"
"3691","333"
"3692","530"
"3693","530"
"3694","530"
"3695","525"
"3696","530"
"3697","360"
"3698","333"
"3699","518"
"3700","530"
"3701","533"
"3702","533"
"3703","533"
"3704","532"
"3705","532"
"3706","532"
"3707","532"
"3708","532"
"3709","533"
"3710","533"
"3711","532"
"3712","533"
"3713","531"
"3714","530"
"3725","530"
"3715","529"
"3716","532"
"3717","532"
"3718","532"
"3719","532"
"3720","532"
"3721","533"
"3722","533"
"3724","532"
"3726","532"
"3727","532"
"3728","532"
"3729","513"
"3730","532"
"3731","532"
"3732","525"
"3733","532"
"3734","532"
"3735","535"
"3736","535"
"3737","518"
"3738","535"
"3739","130"
"3740","130"
"3741","429"
"3742","535"
"3743","333"
"3744","333"
"3745","416"
"3746","291"
"3747","291"
"3748","291"
"3749","527"
"3750","532"
"3751","291"
"3752","532"
"3753","530"
"3754","290"
"3755","528"
"3756","528"
"3757","528"
"3758","528"
"3759","528"
"3760","532"
"3761","528"
"3762","528"
"3763","460"
"3764","536"
"3765","536"
"3766","536"
"3767","536"
"3768","536"
"3769","536"
"3770","536"
"3771","536"
"3772","536"
"3773","536"
"3774","536"
"3775","536"
"3776","532"
"3777","532"
"3778","536"
"3781","528"
"3782","537"
"3783","537"
"3784","537"
"3785","538"
"3786","538"
"3787","538"
"3788","538"
"3789","538"
"3790","538"
"3791","538"
"3792","539"
"3793","539"
"3794","539"
"3795","453"
"3796","541"
"3797","541"
"3798","541"
"3799","541"
"3800","541"
"3801","469"
"3802","542"
"3803","430"
"3804","333"
"3805","543"
"3806","543"
"3807","543"
"3808","543"
"3809","544"
"3810","544"
"3811","544"
"3812","544"
"3813","544"
"3814","536"
"3815","544"
"3816","541"
"3817","544"
"3818","536"
"3819","536"
"3820","536"
"3823","333"
"3822","546"
"3824","514"
"3825","544"
"3826","545"
"3827","545"
"3828","547"
"3829","547"
"3830","547"
"3831","547"
"3832","547"
"3833","547"
"3834","547"
"3835","547"
"3836","547"
"3837","547"
"3838","547"
"3839","547"
"3840","547"
"3841","536"
"3842","547"
"3843","547"
"3844","547"
"3845","549"
"3846","549"
"3847","549"
"3848","547"
"3849","550"
"3850","551"
"3851","551"
"3852","551"
"3853","536"
"3854","471"
"3855","551"
"3856","333"
"3857","552"
"3858","552"
"3859","552"
"3860","333"
"3861","547"
"3862","333"
"3863","333"
"3864","553"
"3865","544"
"3866","544"
"3867","544"
"3868","555"
"3869","555"
"3870","555"
"3871","555"
"3872","555"
"3873","555"
"3874","555"
"3875","555"
"3876","555"
"3877","555"
"3878","555"
"3879","555"
"3880","555"
"3881","555"
"3882","555"
"3883","555"
"3884","555"
"3885","555"
"3886","555"
"3887","555"
"3888","555"
"3889","555"
"3890","555"
"3891","556"
"3892","556"
"3893","556"
"3894","556"
"3895","556"
"3896","556"
"3897","556"
"3898","556"
"3899","556"
"3900","556"
"3901","528"
"3902","556"
"3903","556"
"3904","556"
"3905","556"
"3906","556"
"3907","556"
"3908","555"
"3909","557"
"3910","557"
"3911","557"
"3912","555"
"3913","558"
"3914","558"
"3915","556"
"3916","556"
"3917","556"
"3918","556"
"3919","556"
"3920","556"
"3921","556"
"3922","556"
"3923","556"
"3924","556"
"3925","556"
